1,2,3,4,5,6,7,8,9,10,11,12,13,14,15,16,17,18,19,20,21,22,23,24,25
Buy and Try,Сбер,Сбер,Sportmaster Lab,Сбер,TISS,Evrone.com,Makves,Tennisi,Tennisi,Сбер,Сбер,Сбер,Сбер,Сбер,Tennisi,ЛАНИТ,Правое полушарие Интроверта,Tennisi,Вита,Garantex,Highglossy,Highglossy,Ростелеком,СберКорус
Symfony-разработчик,QA \ Инженер по тестированию (Интеграционные продукты),Архитектор (Платформа виртуализации),Аналитик SQL (клиентская аналитика),Team Lead-разработка на С (Системы хранения данных),Ведущий программист 1С/удаленно,Python backend developer (Senior\Lead),Presale инженер,Разработчик C# (инфраструктуры),Разработчик мобильного приложения ,Python-разработчик (Платформа Linux),QA инженер,Инженер по сопровождению,QA инженер (Инвестиции),Старший инженер группы сопровождения,Разработчик C#,Data scientist/ML engineer,Технический директор / Chief technology officer,DevOPS,Senior разработчик C# (WPF),Senior ruby developer,Fontend-разработчик (React / ReactNative),"Backend-разработчик (TypeScript, middle/senior)",Инженер мониторинга коммутационной сети,Инженер технической поддержки в группу эксплуатации промышленных сервисов
от 90 000 до 250 000 ₽,от 200 000 до 300 000 ₽,от 250 000 до 350 000 ₽,от 180 000 ₽,от 400 000 до 500 000 ₽,от 210 000 до 250 000 ₽,до 300 000 ₽,от 120 000 ₽,от 150 000 ₽,от 150 000 ₽,от 250 000 до 350 000 ₽,до 145 200 ₽,до 75 000 ₽,до 200 000 ₽,до 120 000 ₽,от 150 000 ₽,до 180 000 ₽,от 250 000 ₽,от 180 000 ₽,от 180 000 ₽,от 6000 $,от 140 000 ₽,от 140 000 ₽,от 45 000 до 60 000 ₽,от 120 000 до 150 000 ₽
"Symfony, PHP, PostgreSQL, AWS, Redis, RabbitMQ, Docker, Git, Nginx, Высоконагруженные системы","UI/UX дизайн, JavaScript, Cucumber, Python","DevOps, Разработка программного обеспечения",SQL,"C++, C, Linux","Разработка под 1С, MySQL, OData","PostgreSQL, Python, Docker, Kubernetes, Falcon, SQLalchemy, SOLID, Git-Flow","PostgreSQL, Базы данных, Linux, Администрирование Windows, Администрирование сетей, DNS, DHCP, Информационная безопасность","C#, SOLID, ASP.NET, RabbitMQ","Flutter, Web, Angular, Apache Cordova","Python, Linux","Java, REST, Apache Kafka",SQL,"Java, REST","Zabbix, Jenkins, Ansible, Администрирование Linux","C#, SOLID","Python, Алгоритмы и структуры данных, Прикладная математика, Компьютерное зрение, OpenCV, TensorFlow, Keras, PyTorch, Matlab, Нейронные сети","Управление проектами, Построение команды, Управление людьми, Scrum, Agile, Развитие бизнеса","CI/CD, OpenVPN","C#, WPF, MVVM, SOLID, Git, Адаптивная верстка","Ruby on Rails, Ruby, Git, Linux, GraphQL","JavaScript, TypeScript, React, React Native, Jest","TypeScript, Node.js, GraphQL, PostgreSQL, ООП, Паттерны проектирования, Функциональное программирование, Git, Linux","Zabbix, Мониторинг сетей, Телекоммуникации","Zabbix, Docker, Linux, Ansible, Python, Bash, Администрирование Windows"
"Полный рабочий день, Можно удаленно","Москва, Полный рабочий день","Москва, Полный рабочий день","Москва, Полный рабочий день, Можно удаленно","Москва, Полный рабочий день","Полный рабочий день, Можно удаленно","Полный рабочий день, Можно удаленно","Москва, Полный рабочий день","Полный рабочий день, Можно удаленно","Полный рабочий день, Можно удаленно","Москва, Полный рабочий день","Екатеринбург, Полный рабочий день","Екатеринбург, Полный рабочий день","Екатеринбург, Полный рабочий день, Можно удаленно","Екатеринбург, Полный рабочий день","Полный рабочий день, Можно удаленно","Санкт-Петербург, Полный рабочий день, Можно удаленно","Полный рабочий день, Можно удаленно","Полный рабочий день, Можно удаленно",Самара,"Полный рабочий день, Можно удаленно","Москва, Полный рабочий день, Можно удаленно","Москва, Полный рабочий день, Можно удаленно","Краснодар, Полный рабочий день","Санкт-Петербург, Полный рабочий день"
"Ищем разработчиков с опытом в Symfony  на удалёнку, на полный рабочий день. 
Желательный стаж работы: больше 2 лет с Symfony, больше 5 лет совокупного стажа разработки. Для менее опытных разработчиков тоже найдётся работа, но при условии, что соискатель имеет неподдельную тягу к профессиональному росту.
Продукт, который мы разрабатываем — инструмент для проведения маркетинговых кампаний в сфере интернет-торговли. Какой-то особенно сложной бизнес-логики не планируется, зато ожидается высокая нагрузка — поэтому большим плюсом будет опыт разработки горизонтально-масштабируемых систем.
В работе используем актуальные версии Symfony, PHP, Postgres, облачные сервисы Яндекса (совместимые с AWS, по большому счёту).
Учёт рабочего времени ведём с помощью сервиса HubStaff. Средняя наработка, на которую мы рассчитываем — 30 часов в неделю.БонусыЕсли почувствуете, что по какой-то причине начинаете выгорать — оплатим удалённую консультацию с опытным медицинским специалистом. Хорошее самочувствие сотрудников важно для нас.
Компенсации иных затрат рассматриваются в индивидуальном порядке. Мы готовы поощрять здоровый образ жизни и тягу к совершенствованию навыков.Дополнительные инструкцииОткликаясь на вакансию, расскажите о своём опыте работы непосредственно с Symfony и общем опыте разработки (даже если он нерелевантен). Особенно интересен опыт разработки масштабируемых систем, опыт работы с брокерами сообщений, со специализированными базами данных и т. д.","Наша команда работает над инфраструктурным развитием Сбера. Мы формируем готовые инфраструктурные решения, работаем с системами хранения данных, серверными мощностями, виртуальными машинами и системным ПО для них.
Мы превращаем технологии в ценность для наших клиентов, используем инновационные решения, предоставляя качественный сервис и надежную поддержку.
Мы продуктовая команда Сбера, которая реализует продукт похожий на Microsoft Azure/ Яндекс Cloud/Аmazon Сloud. У нас так же есть свои портал, который позволяет заказать сервер, виртуальную машину, виртуальную машину с установленным ПО- буквально за пару кликов.
Наша команда занимается интеграционными продуктами- которые участвуют во многих бизнес сценариях Сбера, которыми Вы пользовались. Без наших основных продуктов невозможно представить ни один сервис. Одно решение обеспечивает Rest взаимодействие с валидацией, другое асинхронное. В рамках нашего проекта, мы хотим дать разработчикам возможность быстро получать наши интеграционные решения и так же легко их обслуживать (при необходимости).
Мы ищем автотестеровщика ui с навыками или знаниями frontend-разработки.
Если ты хочешь вместе с нами создавать лучшие продукты для клиентов Сбера, присоединяйся к команде.
Тебе предстоит:
писать автотесты UI (Selenium) – 40%рабочего времениписать тест кейсы, чек-листов, чек-кейсы по функционалу (Jira Adaptavist) – 30% рабочего временипроектировать и писать UI для сценариев системы в части фронтальных компонентов(React.JS) – 30% рабочего времени
Мы ждём, чтобы ты:
имел опыт работы в роли QA инженера и разработки фреймворков тестирования (Selenium)имел опыт работы с Jsимел опыт использования библиотек UI-компонентовимел опыт работы с системами хранения исходного кода (Git, Bitbucket)имел опыт написания Unit-тестов (jest)имел опыт написания SQL запросов средней сложностиимел опыт работы с продуктами Аtlassian (Сonfluence, Jira (Jira Adaptavist))
Будет плюсом:
опыт работы с react-nativeопыт работы с Moonзнание JSON API, GraphQLБонусыМы предлагаем:
работу в офисе БЦ «Южный Порт» (10 минут пешком от ст. м. Кожуховская), график 5/2, отсутствие строгого дресс-кода, возможен смешанный график работы.стабильный оклад и социальную поддержку сотрудниковрасширенный ДМС с первого дня работы для сотрудников и льготная медицинская страховка для близкихипотека выгоднее на 4 п.п. и льготные условия кредитования для каждого сотрудникабесплатную подписку СберПрайм+, скидки на продукты компаний-партнеров: Сбер Маркет, Delivery Club, Самокат, Сбер Еаптека и другихкорпоративную пенсионную программукорпоративное обучение за счет компанииреферальную программу для сотрудников: можно пригласить в команду знакомых профессионалов и получить вознаграждение до 100 тыс. рублейофициальное оформление с первого днякорпоративный спортзал и скидки в спортзалы-партнерыскидки на продукты Сбера и компаний экосистемымощное железо, дополнительные мониторы и всё, что нужно для продуктивной работы.Дополнительные инструкцииЕсли тебя заинтересовала вакансия, напиши мне и я расскажу о ней подробнее:)","Наша команда работает над инфраструктурным развитием Сбера. Мы формируем готовые инфраструктурные решения, работаем с системами хранения данных, серверными мощностями, виртуальными машинами и системным ПО для них.
Мы превращаем технологии в ценность для наших клиентов, используем инновационные решения, предоставляя качественный сервис и надежную поддержку.
Сейчас мы занимаемся обновлением существующей платформы виртуализации и построением систем управления внутренним облаком.
Если ты хочешь вместе с нами создавать лучшие продукты для клиентов Сбера, присоединяйся к команде.
Тебе предстоит:
разрабатывать и сопровождать технические решения для проектов Банка в роли главного инженера/инфраструктурного архитектораподтверждать сайзинг инфраструктуры для проектов Банка и размещение систем по свободным мощностям инфраструктуры ЦОДсогласовывать разрабатываемые технические решения со службой эксплуатации ИТ-инфраструктуры с одной стороны и техническими руководителями проектов/представителями бизнеса с другойвзаимодействовать с внутренними заказчиками (до уровня руководителя ДИТ) в целях обеспечения удовлетворенности существующими инфраструктурными сервисамисоблюдать сроки разработки и предоставления технических решений согласно внутренним регламентам Банка с заданным качеством
Мы ждём, чтобы ты:
имел опыт работы в области ИТ-инфраструктурыимел опыт разработки технической документацииимел опыт реализации проектов по модернизации, оптимизации, унификации, обновлению ИТ-инфраструктурыимел опыт формирования отчетности для оперативного предоставления информации по запросам руководстваобладал пониманием теории построения систем на основе программно-аппаратной серверной виртуализации, SAN и принципов работы дисковых систем хранения информацииобладал пониманием принципов построения вычислительной инфраструктуры, а также способов повышения производительности, отказоустойчивости и катастрофоустойчивостизнал основы сетевых технологийзнал основы DevOpsБонусыМы предлагаем:
работу в офисе БЦ «Южный Порт» (10 минут пешком от ст. м. Кожуховская), график 5/2, отсутствие строгого дресс-кода, возможен смешанный график работы.стабильный оклад и социальную поддержку сотрудниковрасширенный ДМС с первого дня работы для сотрудников и льготная медицинская страховка для близкихипотека выгоднее на 4 п.п. и льготные условия кредитования для каждого сотрудникабесплатную подписку СберПрайм+, скидки на продукты компаний-партнеров: Сбер Маркет, Delivery Club, Самокат, Сбер Еаптека и другихкорпоративную пенсионную программукорпоративное обучение за счет компанииреферальную программу для сотрудников: можно пригласить в команду знакомых профессионалов и получить вознаграждение до 100 тыс. рублейофициальное оформление с первого днякорпоративный спортзал и скидки в спортзалы-партнерыскидки на продукты Сбера и компаний экосистемымощное железо, дополнительные мониторы и всё, что нужно для продуктивной работы.Дополнительные инструкцииЕсли тебя заинтересовала вакансия, напиши мне и я расскажу о ней подробнее:)","В Департамент клиентской аналитики ищем Middle / Senior специалиста на позицию Аналитик SQL
Какие задачи мы решаем:
Решать исследовательские задачи, связанные с поиском инсайтов в клиентском поведении
Строить управленческую отчётность, в том числе в BI инструментах (SAS, Tableau)Расчёт новых атрибутов на клиента на основании найденных закономерностей или полученных внешних данныхСтроить карты распределения покупок по городам, чтобы принимать решение об открытии или закрытии магазиновПовышать лояльность клиентов через анализ обратной связи клиентов по точкам заказа, получения или покупкиПисать SQL скрипты
Мы бы хотели чтобы у тебя было:
Знание SQL на уверенном уровне (знаешь оконные функции, пишешь или хочешь уметь писать процедуры)Excel на уровне продвинутого пользователя 
Бонусы

Возможность работать удаленно и по удобному графику: с 8 до 17, с 9 до 18, с 10 до 19Участвовать в инновациях: разрабатываем уникальные для      рынка решения
Получать бюджеты и ресурсы для реализации
Пользоваться продуктами      компании: скидка      30% на продукцию компаний Спортмастер, Ostin и Funday, а также скидка у наших      партнеров и в монобрендовых магазинах
Учиться новому: на нашем Портале обучения и      развития размещено более 80 курсов на разные темы
Заботиться о здоровье: полис ДМС, корпоративный      дежурный врач в офисе, собственные спортивные секции (волейбол, баскетбол,      беговой клуб, мини-футбол, хоккей)
Получать подарки от компании: корпоративные скидки на      страхование, сотовую связь, спортивные мероприятия, фитнес, отдых,      развлечения для всей семьи, товары компаний-партнеров
","Наша команда работает над инфраструктурным развитием Сбера. Мы формируем готовые инфраструктурные решения, работаем с системами хранения данных, серверными мощностями, виртуальными машинами и системным ПО для них.
Мы превращаем технологии в ценность для наших клиентов, используем инновационные решения, предоставляя качественный сервис и надежную поддержку.
Проект собственной Системы Хранения Данных для Сбербанка – это амбициозная задача по созданию СХД из лучших мировых практик. Сложность уровня Big Enterprise, масштабируемость уровня Google, скорость на уровне современных суперкомпьютеров.
Проект абсолютно новый, с полным отсутствием legacy. Полностью обеспечен современным высокотехнологическим железом.
Если ты хочешь вместе с нами создавать лучшие продукты, присоединяйся к команде.
Тебе предстоит:
Заниматься разработкой распределенной, отказоустойчивой, высоконагруженной программно-определяемой системы хранения данныхПроектировать и разрабатывать протоколы взаимодействия узлов кластера между собой.Заниматься написанием модулей СХДЗаниматься написанием вспомогательного ПО (мониторинг, автотесты и прочее)Делать Code ReviewПисать в основном на чистом С, уровень драйверов Linux
Мы ждём, чтобы ты:
Знал C++Понимал принципы работы ядра Linux (memory management; network/file/block layer)Имел опыт разработки многопоточных и асинхронных приложенийИмел опыт разработки сетевых приложений (TCP/IP)Умел тестировать код с помощью автотестовЗнал ull железа: Mellanox и прочего hpc оборудованияЗнал DPDK, SPDK, PMDK
Будет плюсом:
Знание Go/Java/PythonЗнание основных библиотек разработки HPC инфраструктурыЗнание XDP, eDPF, RDMA, ZeroCopyБонусыМы предлагаем:
работу в офисе БЦ «Южный Порт» (10 минут пешком от ст. м. Кожуховская), график 5/2, отсутствие строгого дресс-кода, возможен смешанный график работы.стабильный оклад и социальную поддержку сотрудниковрасширенный ДМС с первого дня работы для сотрудников и льготная медицинская страховка для близкихипотека выгоднее на 4 п.п. и льготные условия кредитования для каждого сотрудникабесплатную подписку СберПрайм+, скидки на продукты компаний-партнеров: Сбер Маркет, Delivery Club, Самокат, Сбер Еаптека и другихкорпоративную пенсионную программукорпоративное обучение за счет компанииреферальную программу для сотрудников: можно пригласить в команду знакомых профессионалов и получить вознаграждение до 100 тыс. рублейофициальное оформление с первого днякорпоративный спортзал и скидки в спортзалы-партнерыскидки на продукты Сбера и компаний экосистемымощное железо, дополнительные мониторы и всё, что нужно для продуктивной работы.Дополнительные инструкцииЕсли тебя заинтересовала вакансия, напиши мне и я расскажу о ней подробнее:)","Вы сможете:
- Участвовать в решении сложных архитектурных задач на платформе 1С и смежных платформах;
- Применять современные инструменты и технологии: Git, EDT, RabbitMQ, VanessaAutomaiton, XUnitFor1C, SonarQube, Jenkins и многое другое.

Обязанности:
Разработка и проектирование на платформе 1С 8.3 с соблюдением стандартов разработки 1СОтветственность за работу системы, ориентация на результат.Написание автотестов для ключевых бизнес процессов.Анализ технических заданий оформленных аналитиками.
Требования:
Опыт разработки на платформе 1С 8.3 не менее 5 лет.Опыт разработки отчетов СКД.Опыт работы с УТ 11 или другой торговой конфигурацией.Знание принципов работы MS SQL ServerОпыт внедрения высоконагруженных систем, оптимизации программного кода и запросов;Опыт интеграции 1С при помощи: http-сервисы, OData, КД2/3, брокеры сообщений.Умение работать в команде.Творческий подход к решению задач. Стремление разрабатывать удобные и простые программные модули для конечных пользователей.Опыт в разработке систем ""с нуля"" приветствуется.БонусыПредоставляется необходимое оборудование для работы.Постоянное повышение квалификации.Дополнительные инструкцииРабота в крупной компании, в сплоченном коллективе единомышленников.
- Сертификация за счёт компании.
- Заработная плата: Ориентируемся  на  пожелания  кандидата.
-  Возможность как удаленной работы, так и работа в офисе.
- Официальное трудоустройство с первого рабочего дня согласно ТК РФ.
- Корпоративные скидки на товары и услуги компании-партнера. ","Команда Evrone занимается продуктовой разработкой стартапов и помогает развиваться взрослому бизнесу в России, США и Европе. Мы становимся технической командой проекта целиком или консультируем и расширяем возможности существующих команд наших клиентов.
Сейчас ищем самостоятельного инженера уровня Senior\Lead. Мы будем усиливать Python-команду международной, горнодобывающей компании, входящей в число крупнейших производителей стали в мире.
Проекты, в основном связаны с аналитикой (видео аналитика, DPM, интеграция с ML), но бывают и чат-боты, дашборды без аналитики, чистый AirFlow, нотификаторы.
Стек: SQLAlchemy ORM/Core, Python 3.7, Falcon, PyTest, Apache Kafka, RabbitMQ, Apache Airflow
Пример задач: интеграция кода Data Science в проект (ML реализуется командой DataScience), интеграции как со сторонними, так и с внутренними системами, ETL, проектирование (диаграммы: компонентов, прецедентов, деплоймента, Базы данных).
Также необходимо будет проводить код-ревью, менторить команду и заниматься приоритизаций задач.
Какие скиллы и опыт важны:
Опыт коммерческой веб-разработки от 4-х лет;Опыт работы с Falcon или Flask, или FastAPI от 3-х лет;Понимание ООП, SQL, Git / Git-flow;Опыт и знания работы Postgres или MSSQL;Опыт написания тестов;Опыт работы с Docker, Kubernetes и понимание процесса CI/CD;Самостоятельность и умение общаться с заказчиком.Понимание SOLID-a, Hexagonal / Clean архитектур, паттернов проектирования;Работали в связке SQLAlchemy + Alembic;Опыт проектирования HTTP API.
Будет круто, если еще работали с Kafkа \ Rabbit MQ, AirFlow, ClickHouse и знаете протоколы RTSP и WebRTC (видео потоки).
Что предлагаем:
Удаленную фултайм работу и мягкий график. Достаточно синхронизировать тайм-зоны и иметь пересечения рабочего времени с командой;Качественный онбординг и hr-менеджмент (1:1, Grow Review). По желанию меняем проекты, не даем стагнировать. При формировании команды проекта учитываем профессиональные или личные интересы разработчиков;Работу в разновозрастном, разнополом и потрясающе дружном и профессиональном коллективе;Хорошо организованный воркфлоу, отсутствие бюрократии. Работа на доверии.

Одна из ценностей Evrone – работа с удовольствием.
Для этого мы придумали Evrone Benefits. Каждому из нас выделяется годовой бюджет, автоматически пополняемый каждый новый год вашей работы в Evrone. Его можно потратить на полезные категории трат, направленные на:
ДМС и здоровье;Спорт и абонемент для фитнеса или инвентарь для спорта;Курсы иностранного языка;Техника для работы и улучшение рабочего места;Обучение: курсы, тренинги, мастер-классы, семинары, книги и конференции.
Бонусы и премии:
Премии за локальные успехи и отличную работу в целом;Автоматическая индексация зарплаты без необходимости кого-то об этом просить, а также повышение зарплаты по мере роста компетенций;Премии за привлечение новых сотрудников и новых клиентов;Дополнительная премия за выступления на конференциях и митапах;У вас есть возможность принять участие в проведении технических интервью специалистов, которые могут стать вашими коллегами. Проведение интервью оплачивается.
Обучение и рост компетенций:
Проводим митапы по Python. Вы можете быть как и слушателем, так и спикером;У нас есть культура менторства. В повседневных задачах и планировании карьеры будет помогать наставник;Развивать профессиональный уровень можно с помощью системы ассессмента Evrone Challenge;Есть внутренняя библиотека с электронными книгами и записанными курсами;Работаем и дружим с западными заказчиками, есть возможность практиковать свой английский.
Возможность стать докладчиком или автором:
Если вы хотите выступить на оффлайн конференции, мы поможем вам подготовить контент для доклада и сделаем крутые слайды. DevRel Evrone (Григорий Петров) поможет подготовиться к выступлению на конференции, окажем поддержку на самой конференции и подготовим материалы с вашим докладом. Также Evrone оплатит вам все расходы на подготовку, поездку и участие в конференции;Если вы хотите выступить на онлайн конференции, помимо помощи по подготовке доклада и подбору конференции, мы организуем вам студийную съемку или трансляцию вашего доклада;У нас есть блоги на всех популярных платформах России и мира. Наши редакторы и профессиональные авторы еженедельно выпускают новые материалы;Если вы написали статью, мы нарисуем для нее иллюстрации и поможем вам ее оформить и опубликовать. Если у вас есть только идея - редакторы помогут сформулировать мысли, оформить пост самостоятельно и правильно опубликовать для максимального охвата. Конечно, Evrone оплатит часы и любые затраты, потраченные на подготовку материала;

Возможность прокачаться в Open Source:
Если у вас есть популярные open source проекты – мы поможем с их продвижением и окажем поддержку в развитии;Если вы контрибьютите в популярные проекты с открытым исходным кодом, мы оплатим часы, которые вы на это потратили.Если вы ничего этого не делаете, но очень хочется начать – в Evrone есть менторы, которые помогут вам сделать первые шаги: подберут задачки для старта, помогут решить их и правильно оформить pr.
Отдых и развиртуализация:
Мы считаем обязательным собираться вместе несколько раз в году. В Evrone есть несколько событий в году, которые собирают вместе весь наш коллектив. Поэтому, где бы вы ни находились, мы обязательно увидимся лично (компания оплатит вам дорогу и все расходы на корпоратив). 

","Makves — российский разработчик программного обеспечения для аудита и мониторинга информационных ресурсов предприятия. Участник АРПП «Отечественный софт». Компания является первопроходцем российского рынка DCAP/DAG — система Makves стала первым продуктом класса DCAP (Data-Centric Audit and Protection), включенным в реестр отечественного программного обеспечения Минцифры.Продукты Makves помогают определить проблемы, связанные с хранением и доступом в ИТ-инфраструктуре, обеспечить защиту конфиденциальной информации и привести данные в соответствие с требованиями отраслевых стандартов и государственных регуляторов: ФЗ-152, GDPR, PCI DSS, ФСТЭК, ГОСТ Р57 580.1 и другими.Компания Makves обладает разрешительными лицензиями ФСТЭК на деятельность по технической защите конфиденциальной информации, а также разработке и производству средств защиты информации.В обязанности presale инженера входит:Общение с потенциальным заказчиком для выяснения ожиданий от продукта; Взаимодействие с техническими специалистами заказчиков;Демонстрация программных продуктов компании заказчикам;Проведение продуктовых вебинаров;Проведение и участие в обучении заказчиков и партнёров;Участие в выставках и конференциях;Работа с демо-стендами;Подготовка отчётов по итогам тестирования у заказчиков;Анализ, актуализация информации о продуктах конкурентов.Требования:Высшее техническое образование/неоконченное высшее (последние курсы); Знание IT рынка, современных подходов к организации информационной безопасности, основ построения компьютерных сетей; Опыт публичных выступлений или желание развиваться в этом;Опыт подготовки коммерческих предложений, технической спецификации (желательно); Опыт работы с крупными корпоративными заказчиками (желательно);Личный блог по темам из области информационной безопасности будет преимуществом;Интересные задачи рождают у вас здоровый азарт, вы самостоятельны, нестандартно мыслите, пытливы, у вас хорошие коммуникативные навыки, грамотная речь и письмо.Условия:в MAKVES возможно выбрать несколько путей для роста: экспертное развитие, рост до руководящей позиции или возможность попробовать свои силы в другом департаменте.Мы поддерживаем инициативы, у нас возможно реализовывать собственные идеи. Поддерживаем ведение технических блогов, написание статей, создание спортивных команд и другие развивающие активности;Оформление в соответствии с ТК РФ;График работы 5/2, с 10.00 до 18.00.
","Обязанности:Разрабатывать новый функционал для продуктовых команд.Проектировать новые сервисы и API.Взаимодействовать с продуктовыми командами.Участвовать в принятии технических решений и планировании процесса разработки.Ведение документации APIДвухнедельные спринты.Локализовывать баги и вносить правки в код.
Требования:
Опыт работы с любой современной реляционной СУБД.Шаблоны проектирования.Понимание основных принципов работы с многопоточным кодом.Умение писать unit-тесты, а также понимание, зачем они нужны.Знание принципов SOLID, DI, IoC.Умение отлаживать и разбираться в чужом коде.
Будет плюсомОпыт коммерческой разработки на C# от 5 лет.Знание принципов TDD, DDD.ASP.NET.Асинхронное программирование, async/await.GraphQL, RabbitMQ.WPF.","Обязанности:
- Поддержка текущего и развитие нового мобильного приложения, описание основных изменений
Требования:
- Опыт разработки кроссплатформенных приложений на Flutter- Опыт работы с web технологиями Angular- Понимание принципов реактивного программирования- любовь к чистому и опрятному коду и программированию в целом- опыт покрытия кода тестами- Наличие опыта работы с Cordova будет плюсом","Наша команда работает над инфраструктурным развитием Сбера. Мы формируем готовые инфраструктурные решения, работаем с системами хранения данных, серверными мощностями, виртуальными машинами и системным ПО для них.
Мы превращаем технологии в ценность для наших клиентов, используем инновационные решения, предоставляя качественный сервис и надежную поддержку.
Мы ищем в команду опытного разработчика, который позволит ускорить и автоматизировать работу продуктов в SberInfra.
Если ты хочешь вместе с нами создавать лучшие продукты для клиентов Сбера, присоединяйся к команде.
Тебе предстоит:
разрабатывать сценарии автоматизации настройки Linux-серверов, модулей Ansibe (Python)автоматизировать и развивать процессы выдачи, конфигурирования и сопровождения Linux-серверовулучшать сервис для внутреннего клиентаразрабатывать юнит-тесты и автоматические тесты
Мы ждём, чтобы ты:
имел опыт в back-end разработкиимел опыт работы с Pythonзнал Linux системы на уровне администратораимел опыт эксплуатации OpenStack, VMWare, знание архитектуры и компонентовзнал технологии GIt, работал с Gitlab/BitBacketимел опыт написания эффективного кода (основные паттерны проектирования кода)понимал важность качественного и сопровождаемого кода (комментарии, нейминг)
Будет плюсом:
опыт работы с Ansible, Jenkinsпонимание работы с Docker и среды контейнеризации (Kubernetes, OpenShift)БонусыМы предлагаем:
работу в офисе БЦ «Южный Порт» (10 минут пешком от ст. м. Кожуховская), график 5/2, отсутствие строгого дресс-кода, возможен смешанный график работы.стабильный оклад и социальную поддержку сотрудниковрасширенный ДМС с первого дня работы для сотрудников и льготная медицинская страховка для близкихипотека выгоднее на 4 п.п. и льготные условия кредитования для каждого сотрудникабесплатную подписку СберПрайм+, скидки на продукты компаний-партнеров: Сбер Маркет, Delivery Club, Самокат, Сбер Еаптека и другихкорпоративную пенсионную программукорпоративное обучение за счет компанииреферальную программу для сотрудников: можно пригласить в команду знакомых профессионалов и получить вознаграждение до 100 тыс. рублейофициальное оформление с первого днякорпоративный спортзал и скидки в спортзалы-партнерыскидки на продукты Сбера и компаний экосистемымощное железо, дополнительные мониторы и всё, что нужно для продуктивной работы.Дополнительные инструкцииЕсли тебя заинтересовала вакансия, напиши мне и я расскажу о ней подробнее:)","Команда занимается разработкой бэкэнд системы, обеспечивающей продажу страховых продуктов во фронтальных системах, в том числе хранение и последующую обработку полученных данных.
Основными задачами нашей команды на текущий момент является выполнение задач бизнес-заказчика по изменению продуктов под нужды клиентов и по требованиям регуляторов, а также перевод процессов из легаси-систем на целевую платформу Банка (перевод более 50 интеграций на REST/json, разработка собственной БД на PostgreSQL).
Наша команда обеспечивает цикл вывода доработок от аналитики до вывода в ПРОМ. У нас дружная команда, распределённая по стране (МСК, СПБ, ЕКБ, Казань).
Вам предстоит:
разбирать и анализировать регулярные прогоны регрессионных автотестов;разрабатывать автотесты под новый функционал продукта и системы;поддерживать работоспособность существующих автотестов и тестового окружения;развивать и оптимизировать тестовый фреймворк под нужды команды и продукта.
Команда ожидает, что у вас есть опыт:
функционального, интеграционного тестирования сервисных шин и процессов интеграции данныхпрограммирования Javaпроектирования тестовой модели;создания набора тестовых случаев, обеспечивающих оптимальное тестовое покрытие приложения;использования в работе протоколов и инструментов SOAP, или REST, или MQ, или JSON, или Apache Kafka.БонусыМы предлагаем:
офис на Энгельса 36;возможность работать в офисе или по смешанному формату (офис/удаленка);гибкое начало рабочего дня в 8, 9 или 10 часов утра;быструю адаптацию благодаря программам обучения;команду Agile, готовую поддержать ваши инициативы;грейдовую систему - с повышением грейда повышается твоя роль в команде и оклад;прозрачную систему бонусов и премий;мощное железо;доступ к базе знаний Корпоративного университета;ДМС доступен с первого дня работы;бесплатная подписка СберПрайм+;льготные ставки по ипотеке «ДомКлик»;льготные ставки по потребительским кредитам;бесплатный тренажерный зал.","Присоединяйтесь к нашей команде в роли «Инженера по сопровождению».
Вам предстоит:
сопровождать Mission Critical АС по обслуживанию физических лиц во всех отделениях банкарешать обращения пользователей по проблемам в АС.
Команда, ожидает, что у вас есть:
знание SQL, ITIL;опыт сопровождения систем;приветствуется знание языков программирования;готовность к гибкому графику работы (есть различные варианты).БонусыМы предлагаем:
офис на Горького 67сменный график работы с 11 до 20 и с 9 до 18 часовбыструю адаптацию благодаря программам обучениякоманду Agile, готовую поддержать ваши инициативыгрейдовую систему - с повышением грейда повышается твоя роль в команде и окладпрозрачную систему бонусов и премиймощное железодоступ к базе знаний Корпоративного университетаДМС доступен с первого дня работыбесплатная подписка СберПрайм+льготные ставки по ипотеке «ДомКлик»льготные ставки по потребительским кредитамбесплатный тренажерный зал.","Выводим продукты в Сбербанк Онлайн. Реализованные фичи можно посмотреть в разделе «Инвестиции и пенсии». В планах реализовать: инвестиционный план, инвестиционное страхование жизни.
Наша команда в поисках инженера автоматизированного тестирования на Java.
Вам предстоит:
функциональное, нефункциональное, интеграционное, автоматизированное тестирование web и mobile версийразработка API автотестов : тестирование бэкенд сложных систем с большим количеством интеграций, обеспечение Continuous Integrationразработка, ревью, согласование артефактов тестирования: тест- кейсы, чек-листы, тест-планы, отчеты о тестированииработа с дефектами: оформление в системах Jira, ALM (в том числе средствами автоматизации), локализация дефектов, подготовка тестовых данныхсовместно с Product Owner, аналитиками и другими участниками команды анализировать поступающие требования, осуществлять поиск возможных “узких” мест.Команда ожидает, что у вас есть опыт:функционального, интеграционного тестирования сервисных шин и процессов интеграции данныхпрограммирования Javaпроектирования тестовой моделисоздания набора тестовых случаев, обеспечивающих оптимальное тестовое покрытие приложенияиспользования в работе протоколов и инструментов SOAP, или REST, или MQ, или JSON, или Apache Kafka.БонусыМы предлагаем:
офис на Энгельса 36;возможность работать в офисе или по смешанному формату (офис/удаленка);гибкое начало рабочего дня в 8, 9 или 10 часов утра;быструю адаптацию благодаря программам обучения;команду Agile, готовую поддержать ваши инициативы;грейдовую систему - с повышением грейда повышается твоя роль в команде и оклад;прозрачную систему бонусов и премий;мощное железо;доступ к базе знаний Корпоративного университета;ДМС доступен с первого дня работы;бесплатная подписка СберПрайм+;льготные ставки по ипотеке «ДомКлик»;льготные ставки по потребительским кредитам;бесплатный тренажерный зал.","Технологический стек: Git, BitBucket, Jenkins, WAS, MQ, Nginx, Oracle, RHEL, Ansible, Grafana, Splunk
Вам предстоит:
внедрение новых версий прикладного программного обеспеченияадминистрирование и сопровождение промышленных и тестовых стендовпроведение приемо-сдаточных испытаний прикладного программного обеспеченияустранение инцидентов в промышленной средеииспользование и доработка скриптов автоматизации.настройка системы мониторинга и оповещений, срабатывающих при возникновении отклонений в работе сопровождаемых ФПанализ результатов мониторинга АС, улучшение производительности и надежности системвзаимодействие с аналитиками, группой тестирования и смежными командами.
Мы ожидаем, что у вас есть:
Опыт работы по сопровождению прикладного или системного ПО от 2 лет;Опыт работы с мониторингом (Splunk, Grafana, Zabbix).Знание сетевых протоколовПонимание REST архитектурыЗнание методологии ITSM, ITILОпыт работы с инструментами DevOps: Git, Jenkins, Ansible или их аналогами;
Будет плюсом:
Опыт работы с серверными ОС (Linux) от года;Практический опыт работы по Agile (SCRUM/Kanban);Опыт администрирования веб-серверов NGINXОпыт администрирования приложений-контейнеров (OpenShift)БонусыМы предлагаем:
Офис на Энгельса 36;Начало рабочего дня в 9:00 или 10:00;Быструю адаптации благодаря программам обучения;Команду Agile, готовую поддержать ваши инициативы;Грейдовую систему - с повышением грейда повышается твоя роль в команде и оклад;Прозрачную систему бонусов и премий;Мощное железо;Доступ к базе знаний Корпоративного университета;ДМС доступен с первого дня работы;Бесплатная подписка СберПрайм+;Льготные ставки по ипотеке «ДомКлик»;Льготные ставки по потребительским кредитам;Бесплатный тренажерный зал.","Обязанности:
Разрабатывать новый функционал в рамках существующих проектов.Проектировать новые сервисы и API.Взаимодействовать с командой (продакты, аналитики, тестировщики).Участвовать в принятии технических решений и планировании процесса разработки.Ведение документации API.Двухнедельные спринты.Локализовывать баги и вносить правки в код.
Требования:
Опыт работы с любой современной реляционной СУБД.Шаблоны проектирования.Понимание основных принципов работы с многопоточным кодом.Умение писать unit-тесты, а также понимание, зачем они нужны.Знание принципов SOLID, DI, IoC.Умение отлаживать и разбираться в чужом коде.Будет плюсомОпыт коммерческой разработки на C# от 5 лет.Знание принципов TDD, DDD.ASP.NET.Асинхронное программирование, async/await.GraphQL, RabbitMQ.WPF.","Компания «Системы компьютерного зрения» занимается разработкой инновационных решений в области машинного зрения, обработки изображений и видео, уникальных алгоритмов и программного обеспечения, применимых в самых разных областях.
Сейчас мы ищем Middle Data scientist/ML-/DL-engineer для нашей Machine learning команды, которая занимается разработкой алгоритмической части проектов преимущественно в области компьютерного зрения. Сейчас мы работаем над несколькими проектами, а также занимаемся проработкой большого количества пилотных запросов.
Если Вы соскучились по интересным задачам и продуктивной командной работе, то мы точно сработаемся!
Кого мы ищем:
- опыт Deep Learning не менее 2 лет;
- хорошее знание линейной алгебры, вычислительных методов, Python;
- понимание архитектур глубоких нейросетей, способность их синтезировать, комбинировать и дорабатывать под конкретные задачи;
- хорошее знание алгоритмов анализа данных и современных фреймворков (TensorFlow, PyTorch);
- умение решать задачи с использованием всего арсенала средств ML, включая классические подходы и глубокие сети;
- специализация на сверточных глубоких сетях, трансформерах и Computer vision;
- знание SOTA подходов в основных задачах CV: классификации, обнаружения, сегментации изображений;
- практический опыт оценки качества работы нейросетей с использованием открытых и собственных наборов данных;
- английский, достаточный для чтения технических статей.
Плюсом будет:
- знание классических алгоритмов Computer Vision;
- опыт разработки нейросетей с качеством выше open source решений, особенно в области обнаружения и/или распознавания лиц;
- наличие собственных проектов и демо, промо материалы о них, способность обосновать выбранные решения;
- опыт запуска и оптимизации нейросетей под разные платформы (CUDA, Nvidia Jetson, iOS, Android, OpenVINO и т.п.);
- опыт работы с Natural Language Processing;
- опыт разработки нейросетей для сжатия видеоданных, опыт квантизации и уменьшения размера нейросетей;
- опыт использования C++ для инференса и реализации алгоритмов. 
Что надо делать:
- Участие в анализе, оценке сложности, декомпозиции, поиске путей решения задач в области компьютерного зрения и смежных областей (например, генерация описаний по изображениям);
- Разработка решений на базе машинного обучения (и, в частности, глубоких нейросетей) для решения задач компьютерного зрения (исследовательских и бизнес-задач);
- Выбор архитектуры, обучение моделей, настройка гиперпараметров обучения и обеспечение заданного качества;
- Подготовка решений к поставке заказчику, внедрению (продакшен);
- Параллельное участие в нескольких проектах в роли эксперта/ведущего разработчика в части алгоритмов;
- Помощь в организации работы команды ML (руководство младшими ML-разработчиками, консультации);
- Организация демонстраций результата;
- Участие в разработке документации в части алгоритмов и нейросетей.
Условия:                         

Участие в интересных масштабных проектах с заказчиками      мирового уровня, работа с передовыми технологиями;

        Официальное оформление, белая зарплата;        Гибкое начало рабочего дня и формат удаленной/гибридной работы;        Социальный пакет:
-          ДМС + офисный врач;
-           Корпоративные скидки на посещение фитнес-центра;
        Перспективы профессионального и карьерного роста в аккредитованной компании;        Вакансия доступна для инвалидов.","Привет! С вами команда «Правое полушарие интроверта» - международный образовательный проект в области искусства, психологии и науки, родом из Петербурга! Наша миссия – предоставить безграничный доступ к знаниям из любой точки мира и сделать процесс саморазвития увлекательным. Мы существуем с 2018 года и за это время успели покорить сердца десятков тысяч людей.
Проект растет так быстро, что порой мы сами удивляемся своей скорости. И сейчас мы ищем Технического Директора, с которым мы подтянем техническую сторону проекта. Продукт и маркетинг у нас классные, а вот технически мы отстаем. Поэтому ищем идейного лидера для команды разработки.

Ключевые возможности платформы:
Доступ к видеокурсам через приложение и сайт. По всему миру на 6 языках. С возможностью скачивания, прохождения тестов, игр и получение дипломов;Персонализация обучения и рекомендаций контента.
Что нужно будет делать:
Формировать стратегию продуктового и технологического развития компании;Искать и разрабатывать архитектурные решения;Повышать качество и скорость текущей разработки;Искать новых разработчиков, проводить онбординг, следить за тем, чтобы команда себя хорошо чувствовала;Взаимодействовать с бизнесом, чтобы ,конечном счете, растить ключевые метрики проекта;Разрабатывать и выводить на рынок новые продукты.
Что мы ждем от тебя:
Опыт работы в роли СТО/платформенного лида в ИТ от годаЗнание и опыт работы с бизнес-моделями, потоками ценностей, бизнес-возможностями, бизнес-сервисами.Умение балансировать между интересами бизнеса и командыОпыт работы в книжных, образовательных и сервисах по здоровью будет преимуществомУмение находить нестандартные(иногда простые) решения в сложных ситуациях. Да, это клише, но это правда очень важный навык.И ,пожалуй, самое главное, если от прочтения вакансии, изучения продукта и миссии проекта, вас будоражит, зажигает, то это очень круто! Потому что у нас с такими коллегами полный мэтч. Нам важно, чтобы человек ,помимо профессиональных качеств, еще и находил отклик в нашем продукте.
Мы предлагаем:
Работу на растущем EdTech-рынке с огромным потенциаломИнтересные задачи и возможность влиять на процессы внутри компанииПрофессиональную IT команду проекта (2 бекенд, 1 фронт, 2 flutter, pm, тестировщик)Формат работы : полная удаленкаПолная занятость, оформление по ТК РФ с первого рабочего дняГрафик работы: 5/2, с 10:00 до 19:00Оклад от 250.000 (готовы обсуждать по итогам собеседования) выплаты могут быть в долларах или рублях. На ваш выборМолодая, амбициозная и мощная команда с общей целью и четким пониманием куда и зачем мы идем, где решения принимаются быстро и каждый настроен помочьОтсутствие бюрократии и застояПространство для творчества и реализации своих идейБесплатный доступ к нашим курсам, видеолекциям и тренингамКорпоративные бонусы от партнеров","Обязанности:
Разворачивать и поддерживать среды test, stage, prod.Настраивать CI/CD.Настраивать и поддерживать системы мониторинга и логирования.Настраивать и поддерживать OpenVPN сети.Участвовать в разработке архитектуры разрабатываемых проектов.Взаимодействовать с командой (продакты, аналитики, разработчики).
Требования:
Работать с k8s или с любым другим оркестратором.Опыт работы с одной из систем CI/CD (у нас Bamboo, Octopus).Опыт работы с Docker, Docker-compose.Опыт работы с Oracle, Postgres (репликация, бэкапирование).Опыт построения DevOps-инфраструктуры.Опыт администрирования и поддержки Linux-серверов (Ubuntu).Знать стек сетевых технологий (L2/L3 VPN, routing).Понимать термины USE, RED, The Four Golden Signals.Будет плюсомУмение жить в экосистеме Atlassian;Prometheus, Zabbix;OpenTracing, Jaeger;Terraform, Ansible/Puppet;Consul, Vault;Kafka, RabbitMQ;Grafana, Kibana, Fluentd/Logstash, ElasticSearch/ClickHouse;","Мы расширяем команду по разработке розничного программного обеспечения и ищем Разработчика С# уровня Senior.
Основной стек: C# 10, .NET 6, WPF, Xamarin Forms
Ключевые задачи:
Разработка нового рабочего места фармацевтаУчастие в проектировании и реализации технических решений, соответствующих современным архитектурным подходам (микросервисная архитектура, DDD, SOLID)Проектирование и разработка БД (Oracle, PostgreSQL)
Декомпозиция и оценка задач, участие в планировании спринтовВзаимодействие с менеджерами продукта, аналитиками, дизайнерами, тестировщикамиПроведение review-кодаНаписание модульных и интеграционных тестовПостоянно улучшать существующие процессы разработкиВыступать наставником для других разработчиковПроектирование архитектуры
Наши ожидания:
Опыт разработки на C# от 3-х летОпыт работы с Rest APIОпыт работы с Entity frameworkОпыт работы с WPF/XamarinОпыт покрытия кода модульными тестамиОпыт работы с git/mercurialПонимание ООП. Знание design patterns и основных шаблонов проектированияОпыт работы в командеЗнание Английского языка на уровне чтения технической документации
Приветствуется:
Опыт настройки CI/CDОпыт настройки Docker/KubernatesОпыт написания автотестовОпыт разработки приложений для терминаловОпыт использования IoC-контейнеровОпыт работы в Agile-команде (Scrum/Kanban method)
Мы предлагаем:
Место работы: город Самара, улица Куйбышева 110График работы 5/2. Плавающее начало рабочего дня с 8:00 до 10:00Комфортные условия труда: современный, светлый офис, мягкие зоны отдыха на каждом этажеУчастие в тематических конференциях и обучении по hard-скиллам за счет компанииКоманда, у которой есть чему поучиться и есть кого поучитьПолностью «белая» з/п и прозрачная система мотивацииКорпоративные мероприятия и благотворительные проекты","В команду Garantex требуется Senior ruby developer.
Garantex - это международная криптовалютная биржа, на которой пользователи могут совершать операции с такими цифровыми валютами, как BTC, ETH, USDT, DAI в паре с фиатными валютами (RUB, USD, EUR).


Миссия компании - предоставить широким массам надёжную инфраструктуру безопасного и простого доступа к мировому крипторынку.
Всего за несколько лет Garantex зарекомендовала себя как надежная платформа со значительным объемом торгов, лучшими ставками и самой низкой комиссией за транзакции.

Наша команда активно растёт и развивается, поток задач увеличивается согласно новым вызовам. Мы ценим своих сотрудников, их баланс work/life. Подбираем задачи, согласно интересам и способностям, всегда готовы помочь как в работе, так и в жизни.
 
Требования:
        Отличное знание RoR        Опыт работы backend разработчиком от 5 лет        Понимание архитектуры веб-приложений и базовых паттернов проектирования        Опыт рефакторинга rails-приложений        Опыт использования git и linux        Желательно опыт участия в разработке крупных RoR проектов        В идеале знание GraphQL API        Плюсом будет базовое понимание работы блокчейна и представление о том, как ""устроены"" биржи

Обязанности:
        Писать код, много        Читать код коллег, проводить code review        Рефакторить текущий код (при необходимости)        Участвовать в разработке архитектуры проекта и API, декомпозиции задачБонусыГотовы обсуждать индивидуально с каждым кандидатом по результатам собеседованияПомощь в релокацииУдалённая работа","Мы уже более 7 лет разрабатываем системы для бизнеса и мобильные приложения.
Нам в команду требуется крепкий Frontend-инженер с опытом не менее 2-3 лет коммерческой разработки.
Работа будет связана с новым интересным и достаточно сложным проектом.
В проекте будет система управления (SPA на React) и мобильное приложение на React Native. 
В первую очередь требуется отличное знание React и желание развиваться в сторону React Native.
Аналогично с TypeScript — важно отлично знать JavaScript, типизацию можно «подтянуть».
Можно по желанию подключаться к backend-разработчикам и участвовать в разработке, тем самым развиваясь в другом направлении.
С каким стеком придется работать
TypescriptApollo GraphQLReact / ReactNativeFigma
Что нужно делать
Разработка пользовательских интерфейсов на основе готовых макетов в Figma
Участвовать в планировании спринта, оценивать свои задачи
Участвовать в проектировании, при необходимости уметь писать минимально необходимую техническую документацию
Разделять код на удобные и переиспользуемые компоненты, понимать как масштабировать проект
Предоставлять обратную связь дизайнеру, уметь аргументировано критиковать и улучшать интерфейс
Тестировать свой код: писать необходимое количество тестов
Изучать сторонние API, интегрировать со сторонними сервисами
Оптимизировать производительность компонентов
Какие знания и умения мы ожидаем от разработчика
Писать хороший и тестируемый код. 
Знание основ структур данных, алгоритмов.
Умение работать в команде. Пусть небольшой. 
Знание английского на уровне чтения документации.
Не бояться разбираться в чужом коде. 
Опыт работы с REST API, GraphQL (будет плюсом) и веб-сокетами.
Есть опыт верстки и работы с Figma на уровне грамотной подготовки материалов
Будет плюсом 
Знание Apollo GraphQL, Web3
Опыт работы с Vue / Solid / SvelteДополнительные инструкцииНаличие хорошего кода в репозитории избавит вас от тестового задания.
Пожалуйста, сразу указывайте желаемый оклад и ссылку на репозиторий (если есть).
У нас нет HR, мы сами будем отсматривать резюме и, к сожалению, не всем сможем ответить. 
Если мы вам не ответили через 3 дня — скорее всего не ответим, без злого умысла.
Будет общее интервью-знакомство (15-30 минут) и потом техническое интервью (1-1.5 часа).","Мы уже более 7 лет разрабатываем системы для бизнеса и мобильные приложения.
Нам в команду требуется крепкий Frontend-инженер с опытом не менее 2-3 лет коммерческой разработки.
Работа будет связана с новым интересным и достаточно сложным проектом.Можно по желанию подключаться к мобильным или фронтенд разработчикам и участвовать в разработке, тем самым развиваясь в другом направлении.
Что нужно делать
Участвовать в планировании спринта, оценивать свои задачи
Участвовать в проектировании, при необходимости уметь писать минимально необходимую техническую документацию
Разделять код на переиспользуемые компонентыГрамотно умеренно применять SOLID
Тестировать свой код: писать необходимое количество тестов
Изучать сторонние API, интегрировать со сторонними сервисами
Какие знания и умения мы ожидаем от разработчикаЗнание и умение применять архитектурные паттерныБазовые знания защиты данных и серверной безопасности
Писать хороший и тестируемый код. 
Хорошее знание основ структур данных, алгоритмов.
Знание английского на уровне чтения документации.
Наличие базовых знаний о работе сетевых протоколов (TCP/HTTP/WS). 
Уметь нормализовывать структуру БД. Основная база данных у нас Postgres.
Будет плюсом 
Знание Apollo GraphQL, Web3
Знание другого низкоуровневого языка (C / Rust / Go)Бонусы
Дополнительные инструкцииНаличие хорошего кода в репозитории избавит вас от тестового задания.
Пожалуйста, сразу указывайте желаемый оклад и ссылку на репозиторий (если есть).
У нас нет HR, мы сами будем отсматривать резюме и, к сожалению, не всем сможем ответить. 
Если мы вам не ответили через 3 дня — скорее всего не ответим, без злого умысла.
Будет общее интервью-знакомство (15-30 минут) и потом техническое интервью (1-1.5 часа).","Задачи:
Мониторинг, постановка и контроль выполнения задач в зоне ответственности подразделения;Организация круглосуточного мониторинга оборудования коммутационных сетей (магистральный/зоновый/местный уровни);Анализ аварийных сообщений от систем мониторинга оборудования коммутационных сетей и постанализ;Активное участие в проектах КЦ по развитию мониторинга КС;Разработка и документирование процессов оперативного мониторинга;Сокращение количества аварий и предаварийных инцидентов на КС, уменьшение времени устранения аварий;Работа с персоналом (повышение внутренней экспертизы, внутренней мотивации и лояльности сотрудников к компании);Проработка стандартных/нестандартных методов нематериальной мотивации подразделения;Внедрение новых принципов и систем мониторинга КС в КЦ;Сопровождение спец. мероприятий;Взаимодействие со смежными подразделениями КЦ, РФ;Подготовка оперативной отчетности о положении дел внутри подразделения и на КС, ведение и наполнение базы знаний.
Требования:
Обязательно наличие опыта оформления и публикации (документирования) технических решений, опыт работы с оборудованием КС от 3х лет;Знание английского языка на уровне достаточном для чтения документации и проф. Литературы;Опыт управления командой
Профессиональное оборудование или программные продукты, используемые в работе:
Понимание и опыт работы с системами мониторинга на уровне администратораРабота с сетевыми протоколами и технологиямиПонимание принципов построения сетей связи. Работа с разными топологиями построения сети передачи данных.Понимание специфики обеспечения безаварийной работы оборудованияЗнание принципов диагностики и устранение проблем сети пакетной коммутации
БонусыМы предлагаем:
Официальное трудоустройствоПятидневная рабочая неделя 5/2Офис в г. Краснодар (ул. Красная 59)В отделе работает 200 человек с градациями по должностям, с возможностью карьерного роста.Корпоративный университет, учебный портал • Онлайн-курсы «Ростелекома» и Stepik*. По IТ сетям, языкам программирования, цифровым навыкам, информационным системам и др.Оклад 45000 рублей до вычета налогов, 50% премия + Годовой бонусДМС, корпоративные скидки, специальные условия от банков
Место работы г. Краснодар, ул. Красная 59","СБЕР КОРУС - IT-компания, разработчик и провайдер облачных сервисов для автоматизации B2B процессов электронного документооборота, являемся дочерней компанией Сбербанка и входим в пятерку крупнейших поставщиков SaaS в России.
На рынке мы уже более 15 лет и являемся №1 EDI-оператором в России.
Все эти годы мы сохраняем лидерство в направлении Электронного документооборота и входим в группу компаний Сбербанк.
Открыта вакансия: Инженера технической поддержки в группу эксплуатации промышленных сервисов
Обязанности:
Администрирование операционных систем Linux (CentOS, Ubuntu)Администрирование операционных систем WindowsНастройка систем мониторинга на базе Zabbix + GrafanaРабота с заявками в JiraРабота с системами управления конфигурации Ansible;Диагностика проблем, документирование
Мы используем:
Linux сервера для наших Java приложений, и Windows сервера для .Net приложений. Zabbix и prometheus как основные средства мониторинга, Jira для получения задач и Confluence для историй про их решение. Ansible для того чтобы не поднимать стенды руками.
Требования:
Уверенно администрируете Linux, используете Ansible, Docker, применяете python/bash скрипты.Имеете опыт работы со средами виртуализации и контейнеризации, разбираетесь в сетевых протоколах, имеете навыки диагностики и решения проблем.Работаете от 2 лет на позициях, связанных с эксплуатацией/администрированием серверов и вэб приложений, имеете опыт работы с nginx/Apache, HAProxy.Понимаете как работает мониторинг, как его настраивать и использовать. Мы не любим красные индикаторы, и хотим быстро от них избавляться.Любите писать документацию. Иногда нам хочется почитать о былых подвигах и изменениях в системе.Понимаете, что такое Software Development Life Cycle и дружите с разработчиками и QA.Будет большим плюсом:Опыт работы: с ELK стеком, SQL/noSQL базами данных, администрирования Windows Server.Понимаете, что такое Continuous Integration / Delivery.БонусыУсловия:
Официальное трудоустройство с первого дня работы;ДМС после окончания испытательного срока;Заработная плата полностью ""белая"", выплачивается 2 раза в месяц (оклад + квартальная премия);Квартальные премии по результатам работы;График работы: 5/2; с 9 до 18 (возможен сдвиг рабочего дня);Гибридный режим работы (удаленка и по необходимости присутствие в офисе);Территориально - 7 мин. от м. Обводный канал (наш офис находится по адресу: г. Санкт-Петербург, наб. Обводного канала, д. 60 (БЦ «Сенатор»)."
